domain_type,image_name
General QA,AMBER_100.jpg
General QA,AMBER_1003.jpg
General QA,AMBER_102.jpg
General QA,AMBER_103.jpg
General QA,AMBER_104.jpg
General QA,AMBER_108.jpg
General QA,AMBER_114.jpg
General QA,AMBER_115.jpg
General QA,AMBER_120.jpg
General QA,AMBER_136.jpg
General QA,AMBER_15.jpg
General QA,AMBER_150.jpg
General QA,AMBER_170.jpg
General QA,AMBER_174.jpg
General QA,AMBER_178.jpg
General QA,AMBER_20.jpg
General QA,AMBER_201.jpg
General QA,AMBER_211.jpg
General QA,AMBER_215.jpg
General QA,AMBER_218.jpg
General QA,AMBER_219.jpg
General QA,AMBER_222.jpg
General QA,AMBER_246.jpg
General QA,AMBER_248.jpg
General QA,AMBER_252.jpg
General QA,AMBER_264.jpg
General QA,AMBER_291.jpg
General QA,AMBER_294.jpg
General QA,AMBER_300.jpg
General QA,AMBER_304.jpg
General QA,AMBER_305.jpg
General QA,AMBER_312.jpg
General QA,AMBER_32.jpg
General QA,AMBER_322.jpg
General QA,AMBER_334.jpg
General QA,AMBER_34.jpg
General QA,AMBER_347.jpg
General QA,AMBER_358.jpg
General QA,AMBER_361.jpg
General QA,AMBER_374.jpg
General QA,AMBER_380.jpg
General QA,AMBER_386.jpg
General QA,AMBER_397.jpg
General QA,AMBER_399.jpg
General QA,AMBER_40.jpg
General QA,AMBER_421.jpg
General QA,AMBER_425.jpg
General QA,AMBER_430.jpg
General QA,AMBER_435.jpg
General QA,AMBER_451.jpg
General QA,AMBER_456.jpg
General QA,AMBER_458.jpg
General QA,AMBER_462.jpg
General QA,AMBER_469.jpg
General QA,AMBER_474.jpg
General QA,AMBER_48.jpg
General QA,AMBER_484.jpg
General QA,AMBER_485.jpg
General QA,AMBER_488.jpg
General QA,AMBER_51.jpg
General QA,AMBER_511.jpg
General QA,AMBER_519.jpg
General QA,AMBER_534.jpg
General QA,AMBER_539.jpg
General QA,AMBER_555.jpg
General QA,AMBER_574.jpg
General QA,AMBER_583.jpg
General QA,AMBER_587.jpg
General QA,AMBER_593.jpg
General QA,AMBER_60.jpg
General QA,AMBER_612.jpg
General QA,AMBER_614.jpg
General QA,AMBER_625.jpg
General QA,AMBER_648.jpg
General QA,AMBER_652.jpg
General QA,AMBER_654.jpg
General QA,AMBER_669.jpg
General QA,AMBER_674.jpg
General QA,AMBER_69.jpg
General QA,AMBER_701.jpg
General QA,AMBER_71.jpg
General QA,AMBER_721.jpg
General QA,AMBER_725.jpg
General QA,AMBER_737.jpg
General QA,AMBER_742.jpg
General QA,AMBER_745.jpg
General QA,AMBER_748.jpg
General QA,AMBER_750.jpg
General QA,AMBER_764.jpg
General QA,AMBER_765.jpg
General QA,AMBER_773.jpg
General QA,AMBER_812.jpg
General QA,AMBER_813.jpg
General QA,AMBER_829.jpg
General QA,AMBER_84.jpg
General QA,AMBER_840.jpg
General QA,AMBER_851.jpg
General QA,AMBER_857.jpg
General QA,AMBER_885.jpg
General QA,AMBER_896.jpg
General QA,AMBER_9.jpg
General QA,AMBER_909.jpg
General QA,AMBER_928.jpg
General QA,AMBER_933.jpg
General QA,AMBER_938.jpg
General QA,AMBER_945.jpg
General QA,AMBER_96.jpg
General QA,AMBER_968.jpg
General QA,AMBER_971.jpg
General QA,AMBER_972.jpg
General QA,AMBER_980.jpg
General QA,AMBER_994.jpg
